Hours_Studied,Attendance,Previous_Score,Assignments,Participation,Sleep_Hours,Final_Score
2,65,45,50,40,6,48
3,70,50,55,45,6,52
4,75,55,60,50,7,58
5,80,60,70,60,7,65
6,85,65,75,65,8,72
7,90,70,80,70,8,78
8,92,75,85,80,8,84
9,95,80,90,85,7,90
1,60,40,45,35,5,42
3,68,48,52,40,6,50
4,78,58,65,55,7,61
5,82,63,72,60,7,68
6,88,68,78,70,8,75
7,91,73,82,75,8,81
8,94,78,88,82,8,87
2,62,43,48,38,6,45
4,72,52,58,65,7,56
5,76,61,68,55,7,63
6,84,66,76,65,8,73
7,89,71,81,72,8,80
9,96,85,92,90,8,94
2,66,47,53,42,6,49
3,74,54,61,50,7,57
5,81,62,74,61,7,67
6,87,69,79,68,8,76
8,93,77,87,84,8,88
1,58,38,42,30,5,40
3,69,51,57,44,6,53
4,77,57,64,52,7,60
7,90,74,83,76,8,82
